[
  {"method": "print", "users": ["Alice","Celina", "David", "Erica", "Fred", "George"]},
  {"method": "queue", "users": ["Alice", "Celina", "David", "Erica", "Fred", "George"]},
  {"method": "topQueue", "users": ["Alice", "Celina"]},
  {"method": "start", "users": ["Alice","Bob"]},
  {"method": "stop", "users": ["Alice", "Bob"]},
  {"method": "restart", "users": ["Alice", "Celina", "Bob"]},
  {"method": "status", "users": ["Alice","Bob"]},
  {"method": "readConfig", "users": ["Alice","Bob"]},
  {"method": "setConfig", "users": ["Alice","Bob"]}
]