[
  {"method": "print", "users": ["OrdinaryUser"]},
  {"method": "queue", "users": ["OrdinaryUser"]},
  {"method": "topQueue", "users": ["PowerUser"]},
  {"method": "start", "users": ["ServiceTechnician"]},
  {"method": "stop", "users": ["ServiceTechnician"]},
  {"method": "restart", "users": ["PowerUser", "ServiceTechnician"]},
  {"method": "status", "users": ["ServiceTechnician"]},
  {"method": "readConfig", "users": ["ServiceTechnician"]},
  {"method": "setConfig", "users": ["ServiceTechnician"]}
]